{
	"miniprogramRoot": "miniprogram/",
	"cloudfunctionRoot": "cloudfunctions/",
	"setting": {
		"urlCheck": false,
		"es6": true,
		"enhance": true,
		"postcss": true,
		"minified": true,
		"newFeature": true,
		"coverView": true,
		"autoAudits": false,
		"checkInvalidKey": true,
		"checkSiteMap": true,
		"uploadWithSourceMap": true,
		"babelSetting": {
			"ignore": [],
			"disablePlugins": [],
			"outputPath": ""
		},
		"nodeModules": true
	},
	"appid": "wx52b66bd134f06d84",
	"projectname": "%E6%95%8F%E6%8D%B7%E5%BC%80%E5%8F%91",
	"libVersion": "2.8.1",
	"simulatorType": "wechat",
	"simulatorPluginLibVersion": {},
	"condition": {
		"search": {
			"current": -1,
			"list": []
		},
		"conversation": {
			"current": -1,
			"list": []
		},
		"plugin": {
			"current": -1,
			"list": []
		},
		"game": {
			"list": []
		},
		"gamePlugin": {
			"current": -1,
			"list": []
		},
		"miniprogram": {
			"current": 0,
			"list": [
				{
					"id": -1,
					"name": "db guide",
					"pathName": "pages/databaseGuide/databaseGuide",
					"query": ""
				},
				{
					"id": -1,
					"name": "pages/waddMem/waddMem",
					"pathName": "pages/waddMem/waddMem",
					"query": "",
					"scene": null
				},
				{
					"id": -1,
					"name": "pages/wfileDetail/wfileDetail",
					"pathName": "pages/wfileDetail/wfileDetail",
					"query": "fileId=1584291784817_0.08506084937371639_33591255-1584291785132_7_85162",
					"scene": null
				},
				{
					"id": -1,
					"name": "pages/wmine/wmine",
					"pathName": "pages/wmine/wmine",
					"scene": null
				}
			]
		}
	}
}