{
	"miniprogramRoot": "miniprogram/",
	"cloudfunctionRoot": "cloudfunctions/",
	"setting": {
		"urlCheck": true,
		"es6": false,
		"enhance": true,
		"postcss": true,
		"minified": true,
		"newFeature": true,
		"coverView": true,
		"nodeModules": true,
		"autoAudits": false,
		"showShadowRootInWxmlPanel": true,
		"scopeDataCheck": false,
		"checkInvalidKey": true,
		"checkSiteMap": true,
		"uploadWithSourceMap": true,
		"babelSetting": {
			"ignore": [],
			"disablePlugins": [],
			"outputPath": ""
		},
		"useCompilerModule": true,
		"userConfirmedUseCompilerModuleSwitch": false
	},
	"appid": "wx52b66bd134f06d84",
	"projectname": "wx-ble",
	"libVersion": "2.11.0",
	"simulatorType": "wechat",
	"simulatorPluginLibVersion": {},
	"condition": {
		"search": {
			"current": -1,
			"list": []
		},
		"conversation": {
			"current": -1,
			"list": []
		},
		"plugin": {
			"current": -1,
			"list": []
		},
		"game": {
			"list": []
		},
		"gamePlugin": {
			"current": -1,
			"list": []
		},
		"miniprogram": {
			"current": -1,
			"list": [
				{
					"id": -1,
					"name": "db guide",
					"pathName": "pages/databaseGuide/databaseGuide",
					"query": ""
				},
				{
					"id": -1,
					"name": "pages/home/home",
					"pathName": "pages/home/home",
					"query": "",
					"scene": null
				},
				{
					"id": -1,
					"name": "pages/acc/acc",
					"pathName": "pages/acc/acc",
					"query": "",
					"scene": null
				},
				{
					"id": -1,
					"name": "pages/test/test",
					"pathName": "pages/test/test",
					"query": "",
					"scene": null
				},
				{
					"id": -1,
					"name": "俯卧撑",
					"pathName": "pages/push_up/push_up",
					"query": "",
					"scene": null
				},
				{
					"id": -1,
					"name": "pages/test/test",
					"pathName": "pages/test/test",
					"query": "",
					"scene": null
				},
				{
					"id": -1,
					"name": "pages/pre_test/pre_test",
					"pathName": "pages/pre_test/pre_test",
					"query": "",
					"scene": null
				},
				{
					"id": -1,
					"name": "pages/new_test/new_test",
					"pathName": "pages/new_test/new_test",
					"query": "",
					"scene": null
				},
				{
					"id": -1,
					"name": "pages/actions/actions",
					"pathName": "pages/actions/actions",
					"scene": null
				}
			]
		}
	}
}